{"cameraMode":{"drawMode":0,"name":"Shaded","section":"Shading Mode"},"sceneLighting":true,"audioPlay":false,"sceneViewState":{"m_AlwaysRefresh":false,"showFog":true,"showSkybox":true,"showFlares":true,"showImageEffects":true,"showParticleSystems":true,"showVisualEffectGraphs":true,"m_FxEnabled":true},"in2DMode":false,"pivot":{"x":16.759925842285158,"y":-37.677452087402347,"z":-6.548654556274414},"rotation":{"x":-0.49584639072418215,"y":-0.09548855572938919,"z":0.05496654659509659,"w":-0.8613939881324768},"size":52.378238677978519,"orthographic":false}