{"cameraMode":{"drawMode":0,"name":"Shaded","section":"Shading Mode"},"sceneLighting":true,"audioPlay":false,"sceneViewState":{"m_AlwaysRefresh":false,"showFog":true,"showSkybox":true,"showFlares":true,"showImageEffects":true,"showParticleSystems":true,"showVisualEffectGraphs":true,"m_FxEnabled":true},"in2DMode":false,"pivot":{"x":35.69187927246094,"y":16.95415687561035,"z":1.4103641510009766},"rotation":{"x":0.22588719427585603,"y":-0.061022501438856128,"z":0.014184905216097832,"w":0.9721410870552063},"size":41.93217849731445,"orthographic":false}